strategy,test_ppl,raw_format_rate,constrained_format_rate,raw_acrostic_rate,constrained_acrostic_rate,distinct_2,repeat_rate,nearest_4gram_jaccard
stable_t07,83.77433168756477,1.0,1.0,0.0,1.0,0.9964814814814815,0.0035185185185185232,0.019291038416600063
balanced_t09_k20,83.77433168756477,1.0,1.0,0.0,1.0,0.9953703703703703,0.004629629629629634,0.0211406337511878
creative_t11_p095,83.77433168756477,0.995,1.0,0.0,1.0,0.9994444444444445,0.0005555555555555563,0.007417184265010352
