strategy,test_ppl,raw_text_format_rate,raw_control_leak_rate,constrained_format_rate,raw_acrostic_rate,constrained_acrostic_rate,distinct_2,repeat_rate,nearest_4gram_jaccard
stable,78.26419210920834,1.0,0.0,1.0,0.94,1.0,0.9983333333333333,0.0016666666666666692,0.01889175547647366
balanced,78.26419210920834,1.0,0.0,1.0,0.9,1.0,0.9979629629629629,0.002037037037037039,0.020625906583725068
creative,78.26419210920834,1.0,0.0,1.0,0.93,1.0,0.9996296296296296,0.0003703703703703709,0.007723306713989944
