strategy,test_ppl,raw_text_format_rate,raw_control_leak_rate,constrained_format_rate,raw_acrostic_rate,constrained_acrostic_rate,distinct_2,repeat_rate,nearest_4gram_jaccard
stable_t07,77.60691011642055,1.0,0.0,1.0,0.92,1.0,0.9981481481481481,0.0018518518518518545,0.019524044199856937
balanced_t09_k20,77.60691011642055,1.0,0.0,1.0,0.92,1.0,0.997037037037037,0.0029629629629629663,0.021909519666639395
creative_t11_p095,77.60691011642055,1.0,0.0,1.0,0.91,1.0,0.9998148148148148,0.00018518518518518545,0.007842354333037562
